<?xml version="1.0" encoding="UTF-8"?>
<!DOCTYPE mapper
  PUBLIC "-//mybatis.org//DTD Mapper 3.0//EN"
  "https://mybatis.org/dtd/mybatis-3-mapper.dtd">
<mapper namespace="com.myweb.www.repository.BoardDAO">
	<insert id="insert">
		insert into board(title,writer,content)
		values(#{title},#{writer},#{content})
	</insert>
	
	<select id="selectOneBno" resultType="long">
	select max(bno) from board;
	</select>
	
	<select id="selectAll" resultType="com.myweb.www.domain.BoardVO">
		select * from board order by
		bno desc
	</select>
	<select id="getList" resultType="com.myweb.www.domain.BoardVO">
		select * from board
		<include refid="search"></include>
		order by bno desc limit #{pageStart}, #{qty}
	</select>
	<select id="getTotalCount" resultType="int">
		select count(*) from board
		<include refid="search"></include>
	</select>
	<select id="selectOne" resultType="com.myweb.www.domain.BoardVO">
		select * from board where bno=#{bno}
	</select>
	<select id="SelectOneForModify"
		resultType="com.myweb.www.domain.BoardVO">
		select * from board where bno=#{bno}
	</select>
	<update id="update">
		update board set
		title=#{title},content=#{content},mod_at=now()
		where bno=#{bno}
	</update>
	
	
	<update id="updateCommentCount">
		update board set cmt_qty = 
		(select count(cno) from comment where bno = board.bno) 
	</update>
	
	
	<update id="updateFileCount">
		update board set has_file = 
		(select count(bno) from file where bno = board.bno) 
	</update>
	
	
	<update id="readCount">
		update board set read_count=read_count+1 
		where bno=#{bno}
	</update>
	<update id="minusReadCount">
		update board set read_count=read_count-2 
		where bno=#{bno}
	</update>
	
	
	<delete id="delete">
		delete from board where bno = #{bno}
	</delete>
	
	<delete id="deleteCommentAll">
		delete from comment where bno = #{bno}
	</delete>
	


	<sql id="search">
		<if test="type != null"></if>
		<trim prefix="where(" suffix=")" prefixOverrides="or">
			<foreach collection="typeToArray" item="type">
				<trim prefix="or">
					<choose>
						<when test="type == 't'.toString()">
							title like concat('%',#{keyword},'%')
						</when>
						<when test="type == 'w'.toString()">
							writer like concat('%',#{keyword},'%')
						</when>
						<when test="type == 'c'.toString()">
							content like concat('%',#{keyword},'%')
						</when>
					</choose>
				</trim>
			</foreach>
		</trim>
	</sql>
</mapper>