<?xml version="1.0" encoding="UTF-8"?>
<!DOCTYPE mapper
  PUBLIC "-//mybatis.org//DTD Mapper 3.0//EN"
  "https://mybatis.org/dtd/mybatis-3-mapper.dtd">
<mapper namespace="com.myweb.www.repository.MemberDAO">

<insert id = "insertMember">
	insert into member (email, pwd, nick_name)
	values (#{email},#{pwd},#{nickName})
</insert>

<!-- 기본아이디는 '롤_유저'로 등록 -->
<insert id = "insertAuthInit"> 
insert into auth_member values(#{email},'ROLE_USER')
</insert>

<select id="selectEmail" resultType="com.myweb.www.security.MemberVO"> <!--시큐리티컨피그에서 유저내임이 이메일임  -->
	select * from member where  email =#{email}
</select>

<select id="selectAuths" resultType="com.myweb.www.security.AuthVO" > <!--시큐리티컨피그에서 유저내임이 이메일임  -->
	select * from auth_member where email =#{email}
</select>

<update id="updateLastLogin">
	update member set last_login = now() where email= #{email}
</update>

<select id= "selectAll" resultType="com.myweb.www.security.MemberVO">
	select * from member
	<include refid="search"></include> 
    limit #{pageStart}, #{qty}
	
</select>

<select id= "selectOne" resultType="com.myweb.www.security.MemberVO">
	select * from member where email =#{email};
</select>


<update id = "modifyPwdEmpty">
update member set nick_name=#{nickName} where email=#{email}
</update>
<update id = "modify">
update member set nick_name=#{nickName} where email=#{email}
</update>
<update id = "remove">
delete from member where email = #{email}
</update>
<update id = "removeAuth">
delete from auth member where email = #{email}
</update>



<select id= "selectOne2" resultType="com.myweb.www.security.MemberVO">
	select * from member where email =#{email};
</select>

	<select id="getTotalCount" resultType="int">
		select count(*) from member
		<include refid="search"></include>
	</select>



  <sql id="search">
     <if test="type != null">
        <trim prefix="where" prefixOverrides="or">
           <foreach collection="typeToArray" item="typed">
              <trim prefix="or">
                 <choose>
                    <when test="typed =='e'.toString()">
                       email like concat('%',#{keyword},'%')
                    </when>
                    <when test="typed =='n'.toString()">
                       nick_name like concat('%',#{keyword},'%')
                    </when>
                 </choose>
              </trim>
           </foreach>
        </trim>
     </if>
  </sql>

</mapper>